{"Spieler134fsa": 42.10526315789473, "Spieler12446gr": 38.095238095238095}